prompt_id,label
1,amazonhelp
2,amazonhelp
3,amazonhelp
4,amazonhelp
5,amazonhelp
6,amazonhelp
7,amazonhelp
8,amazonhelp
9,amazonhelp
10,amazonhelp
11,americanair
12,americanair
13,americanair
14,americanair
15,americanair
16,americanair
17,americanair
18,americanair
19,americanair
20,americanair
21,americanair
22,applesupport
23,spotifycares
24,applesupport
25,applesupport
26,applesupport
27,applesupport
28,applesupport
29,applesupport
30,applesupport
31,delta
32,delta
33,delta
34,delta
35,delta
36,delta
37,delta
38,delta
39,delta
40,delta
41,southwestair
42,southwestair
43,southwestair
44,southwestair
45,southwestair
46,southwestair
47,southwestair
48,southwestair
49,southwestair
50,southwestair
51,spotifycares
52,spotifycares
53,spotifycares
54,spotifycares
55,spotifycares
56,spotifycares
57,spotifycares
58,spotifycares
59,spotifycares
60,spotifycares
61,tesco
62,tesco
63,tesco
64,tesco
65,tesco
66,tesco
67,tesco
68,tesco
69,tesco
70,tesco
71,uber_support
72,uber_support
73,uber_support
74,uber_support
75,uber_support
76,uber_support
77,uber_support
78,uber_support
79,uber_support
80,uber_support
81,virgintrains
82,virgintrains
83,virgintrains
84,virgintrains
85,virgintrains
86,virgintrains
87,virgintrains
88,virgintrains
89,virgintrains
90,virgintrains
